{"1": 0.434267947196068, "2": 0.568003577662161, "3": 0.3882251478215036, "4": 0.4513242617222624, "5": 0.4318751593934957, "6": 0.15130120674940672, "7": 0.13347537859706934, "8": 0.0, "9": 0.2920401616745151, "10": 0.2422681971645567, "11": 0.5496246192654698, "12": 0.47255940198045504, "13": 0.5705031625903643, "14": 0.7169370779565408, "15": 0.19010232092836743, "16": 0.15766234507943014, "17": 0.13098590574145738, "18": 0.5634028532895142, "19": 0.5716349530699038, "20": 0.5666867828578932, "21": 0.4569970750177365, "22": 0.568003577662161, "23": 0.13305201013572898, "24": 0.4288398090337664, "25": 0.13886244387355454, "26": 0.0, "27": 0.653066898969526, "28": 0.5825132865499367, "29": 0.5092163747634509, "30": 0.5670308939816352, "31": 0.17655905767969893, "32": 0.1735780548419432, "33": 0.5077181160122074, "34": 0.682058687059041, "35": 0.5384313152574521, "36": 0.0, "37": 0.05778079616367421, "38": 0.6111354123140816, "39": 0.11375296085295913, "40": 0.5828268169923395, "41": 0.100939453260283, "42": 0.3895965582021855, "43": 0.09363198218564917, "44": 0.25979576018622824, "45": 0.33025464306722735, "46": 0.37411416077270787, "47": 0.16321630149948066, "48": 0.4620869292486371, "49": 0.0, "50": 0.17108252373753102}