{"1": 0.6793319261716276, "2": 0.22476126319537007, "3": 0.6086182388744239, "4": 0.281245909492015, "5": 0.4477675217736687, "6": 0.19092086617893467, "7": 0.4218987861883544, "8": 0.0, "9": 0.0, "10": 0.41931819687985755, "11": 0.30713971912345495, "12": 0.398684348074683, "13": 0.2701681355885037, "14": 0.7163862545981745, "15": 0.2593762275604743, "16": 0.04691422406821018, "17": 0.19362892768709858, "18": 0.4462541232367254, "19": 0.28952298823485745, "20": 0.08274602130532002, "21": 0.398348770510057, "22": 0.33013764944712026, "23": 0.1610425878239398, "24": 0.6871952210980248, "25": 0.4818998405251556, "26": 0.22732300053290727, "27": 0.6838227445268776, "28": 0.620499843725617, "29": 0.4590828233913731, "30": 0.3336884464926734, "31": 0.4393342941789283, "32": 0.2417986283776236, "33": 0.7183627972686238, "34": 0.800693766409882, "35": 0.38664008857847004, "36": 0.20483424751859086, "37": 0.7155951718880612, "38": 0.7306060974948361, "39": 0.36622254062144816, "40": 0.0813675121926939, "41": 0.3357356389299633, "42": 0.48875016475165084, "43": 0.32100561168502834, "44": 0.25627200345505147, "45": 0.40347923208375863, "46": 0.4941476869110536, "47": 0.1437002645285654, "48": 0.0, "49": 0.056906557239904, "50": 0.2774192047677609}