{"1": 0.5562417072378023, "2": 0.40002324830925196, "3": 0.21726071285222986, "4": 0.281245909492015, "5": 0.33729332889853375, "6": 0.11706259313796354, "7": 0.344284906299445, "8": 0.0, "9": 0.09478836436955078, "10": 0.12622735498857193, "11": 0.08794054090513438, "12": 0.4312160790571839, "13": 0.26556070614699806, "14": 0.40875365441572903, "15": 0.36132523302699576, "16": 0.08879873949105598, "17": 0.2814853444092611, "18": 0.18628611581245075, "19": 0.32506401244400185, "20": 0.0, "21": 0.25284102718517737, "22": 0.31488013066763093, "23": 0.3647442587311445, "24": 0.6371523797895856, "25": 0.2984900352767555, "26": 0.1434248447073515, "27": 0.7381970822554477, "28": 0.3164729696161156, "29": 0.2814853444092611, "30": 0.13347537859706934, "31": 0.4530643748551537, "32": 0.1735780548419432, "33": 0.513528549750033, "34": 0.8285714603467751, "35": 0.351562091717311, "36": 0.18347951680896135, "37": 0.7396285538920147, "38": 0.3219505391887988, "39": 0.4034720039027744, "40": 0.0, "41": 0.1453903905491092, "42": 0.2804615131762851, "43": 0.250574809924427, "44": 0.15945296076712936, "45": 0.400426135791208, "46": 0.5042366390392122, "47": 0.1878201404193896, "48": 0.0, "49": 0.1803895185407797, "50": 0.0}