{"1": 0.0, "2": 0.28323251649726616, "3": 0.17993148201117176, "4": 0.24445218882151876, "5": 0.06571108366710597, "6": 0.0, "7": 0.2176889663231753, "8": 0.0, "9": 0.17993148201117176, "10": 0.3524072518160638, "11": 0.6835761492406753, "12": 0.18164264204274505, "13": 0.14718132681236593, "14": 0.199306233590118, "15": 0.12103687542667209, "16": 0.1743651159135822, "17": 0.09704777544028804, "18": 0.3071308498344627, "19": 0.3589542101716347, "20": 0.10633668103022985, "21": 0.13961814555374907, "22": 0.41388361500911724, "23": 0.0, "24": 0.5107164012496701, "25": 0.5174612499126158, "26": 0.06571108366710597, "27": 0.22006250035918146, "28": 0.7988771108550372, "29": 0.42222801661389164, "30": 0.11496943328345773, "31": 0.3956361712213147, "32": 0.1735780548419432, "33": 0.34979801267862626, "34": 0.4942387815963402, "35": 0.22009176629808017, "36": 0.0, "37": 0.0, "38": 0.13568544539116628, "39": 0.0, "40": 0.08676713574902505, "41": 0.0, "42": 0.0, "43": 0.0, "44": 0.0, "45": 0.18408385620261106, "46": 0.0, "47": 0.0, "48": 0.3463468978671456, "49": 0.0, "50": 0.0}