{"1": 0.4829528720904314, "2": 0.24309789328476902, "3": 0.2863459897524692, "4": 0.2970921024690982, "5": 0.3204857619166178, "6": 0.10778915452451093, "7": 0.2788563514635291, "8": 0.0, "9": 0.11827022936881551, "10": 0.1856113612469113, "11": 0.07577433351096909, "12": 0.12975599327416157, "13": 0.1814264283009775, "14": 0.45165412049039755, "15": 0.3691727718508222, "16": 0.04691422406821018, "17": 0.44065542000263236, "18": 0.2274930557542026, "19": 0.33013764944712026, "20": 0.0, "21": 0.11004588314904008, "22": 0.30523488393970116, "23": 0.08514311764162098, "24": 0.642186726668901, "25": 0.22009176629808017, "26": 0.11366150026645364, "27": 0.7728063302582573, "28": 0.2905536674729898, "29": 0.10889339568010445, "30": 0.08228688650337701, "31": 0.3383619956668957, "32": 0.2417986283776236, "33": 0.47338717040861195, "34": 0.650891110888442, "35": 0.3802890240714361, "36": 0.16131436943741526, "37": 0.8047185109804127, "38": 0.3187939258847263, "39": 0.4372423878879741, "40": 0.2673627196344705, "41": 0.2555812101646809, "42": 0.24581508498511165, "43": 0.23714724654427613, "44": 0.12422240594026354, "45": 0.4353779326463506, "46": 0.5484194258886879, "47": 0.08384281207641174, "48": 0.0, "49": 0.1803895185407797, "50": 0.08274602130532002}