{"1": 0.6793319261716276, "2": 0.13698471029831175, "3": 0.3683756341388872, "4": 0.4597973952800627, "5": 0.17628038654090447, "6": 0.0, "7": 0.13347537859706934, "8": 0.0, "9": 0.0, "10": 0.0, "11": 0.21185588657209578, "12": 0.398684348074683, "13": 0.0, "14": 0.199306233590118, "15": 0.0, "16": 0.0, "17": 0.0, "18": 0.3144956463523791, "19": 0.0, "20": 0.0979129253499678, "21": 0.0, "22": 0.13305201013572898, "23": 0.0, "24": 0.4690000933206748, "25": 0.33013764944712026, "26": 0.0, "27": 0.0, "28": 0.5412771732393173, "29": 0.3283995684774713, "30": 0.2176889663231753, "31": 0.640031137071901, "32": 0.1061923470197622, "33": 0.4346298575932762, "34": 0.4306971574306934, "35": 0.19518900079066107, "36": 0.13726375204320257, "37": 0.0, "38": 0.4440973278132557, "39": 0.0, "40": 0.0, "41": 0.08694451260789764, "42": 0.04875383067250014, "43": 0.0, "44": 0.0, "45": 0.0, "46": 0.0, "47": 0.0, "48": 0.29420263302058774, "49": 0.0, "50": 0.0}