{"1": 0.5629362709929288, "2": 0.15139734109601002, "3": 0.5743371894486219, "4": 0.2879900021027749, "5": 0.5343616163477933, "6": 0.15130120674940672, "7": 0.41170215785452413, "8": 0.0, "9": 0.07336392209936005, "10": 0.3180396301625113, "11": 0.19463558685123594, "12": 0.398684348074683, "13": 0.27344449509590113, "14": 0.7134018736959569, "15": 0.2796375463895948, "16": 0.04439936974552799, "17": 0.331618895781339, "18": 0.4462541232367254, "19": 0.2863459897524692, "20": 0.0, "21": 0.18340980524840012, "22": 0.3589542101716347, "23": 0.07839826897867533, "24": 0.715550648768261, "25": 0.40350157154648025, "26": 0.22732300053290727, "27": 0.6838227445268776, "28": 0.6548337246600683, "29": 0.2814853444092611, "30": 0.08659858672874277, "31": 0.4229441987880528, "32": 0.2417986283776236, "33": 0.6870165078530993, "34": 0.793584067764911, "35": 0.3969397865639012, "36": 0.18625662605832993, "37": 0.7473104675612011, "38": 0.715550648768261, "39": 0.2628371864582782, "40": 0.36128904045294163, "41": 0.33061930762932773, "42": 0.49295379907765613, "43": 0.3479983983257549, "44": 0.12422240594026354, "45": 0.4739609697782268, "46": 0.5811976141270766, "47": 0.11927051015394134, "48": 0.0, "49": 0.06978419164318803, "50": 0.22471947398559278}