{"1": 0.434267947196068, "2": 0.7778721720600673, "3": 0.20483424751859086, "4": 0.24445218882151876, "5": 0.31526354143804164, "6": 0.0, "7": 0.13347537859706934, "8": 0.0, "9": 0.35823307937394683, "10": 0.34534221336596976, "11": 0.7619538483411513, "12": 0.398684348074683, "13": 0.455367209742192, "14": 0.6802551169068608, "15": 0.20251610093366154, "16": 0.3395599347648544, "17": 0.2999127477980018, "18": 0.2669507571941387, "19": 0.5919268187287083, "20": 0.27487633291429087, "21": 0.496314133361996, "22": 0.576323354912681, "23": 0.23177307466786254, "24": 0.31005750730366605, "25": 0.6840182226156365, "26": 0.22732300053290727, "27": 0.3071308498344627, "28": 0.5191919543252279, "29": 0.47236156798596957, "30": 0.43152453020089276, "31": 0.48315816209389123, "32": 0.1735780548419432, "33": 0.42838543210841196, "34": 0.8387847114057178, "35": 0.41528076708874123, "36": 0.0, "37": 0.20149026494290584, "38": 0.06943122193677727, "39": 0.26798512010612335, "40": 0.45752238103378895, "41": 0.06729296884018866, "42": 0.3239134396887189, "43": 0.27733701506236197, "44": 0.08659858672874277, "45": 0.5121024507687097, "46": 0.2591021374965682, "47": 0.20874433741802872, "48": 0.5222167687622303, "49": 0.0, "50": 0.26011602608805523}