{"1": 0.15142505670640038, "2": 0.199306233590118, "3": 0.5806020001118019, "4": 0.34973201611667765, "5": 0.44400434790118604, "6": 0.0, "7": 0.08965168302129337, "8": 0.0, "9": 0.08514311764162098, "10": 0.35907302615639997, "11": 0.6420173366620784, "12": 0.40687957586781837, "13": 0.3753137925456814, "14": 0.7458619002490053, "15": 0.313281804625208, "16": 0.05013355137207787, "17": 0.19009706522654504, "18": 0.5421244401590428, "19": 0.5022037311331264, "20": 0.2990417396106507, "21": 0.14476149411742872, "22": 0.42520843362602373, "23": 0.06943122193677727, "24": 0.70844095012329, "25": 0.3882251478215036, "26": 0.40669558446646686, "27": 0.7492900353211114, "28": 0.42263617634687395, "29": 0.2814853444092611, "30": 0.12422240594026354, "31": 0.15654068965968962, "32": 0.2417986283776236, "33": 0.8813562702265283, "34": 0.7951657524814092, "35": 0.48077928886293575, "36": 0.15744006533381547, "37": 0.7516535498221889, "38": 0.7158199662924816, "39": 0.23428255569032452, "40": 0.6445154269728827, "41": 0.2411694928269083, "42": 0.34937905804804054, "43": 0.372111179747909, "44": 0.15666493070693877, "45": 0.49286264928807944, "46": 0.5850757175300324, "47": 0.09105607183709613, "48": 0.17883501372964994, "49": 0.06978419164318803, "50": 0.4483039899025303}