{"1": 0.0, "2": 0.0, "3": 0.0, "4": 0.15423215925316425, "5": 0.0, "6": 0.0, "7": 0.0, "8": 0.0, "9": 0.13886244387355454, "10": 0.12222609441075938, "11": 0.0, "12": 0.0, "13": 0.08473553200699413, "14": 0.2874476364692017, "15": 0.0, "16": 0.0, "17": 0.08879873949105598, "18": 0.0, "19": 0.0, "20": 0.0, "21": 0.23758350840568812, "22": 0.13886244387355454, "23": 0.0, "24": 0.07139757201806866, "25": 0.22009176629808017, "26": 0.0, "27": 0.0, "28": 0.20672165062887685, "29": 0.04691422406821018, "30": 0.0, "31": 0.0, "32": 0.0, "33": 0.2489083270225946, "34": 0.0, "35": 0.22009176629808017, "36": 0.05502294157452004, "37": 0.0, "38": 0.0, "39": 0.0, "40": 0.0, "41": 0.0, "42": 0.0, "43": 0.0, "44": 0.0, "45": 0.0, "46": 0.0, "47": 0.0, "48": 0.0, "49": 0.0, "50": 0.0}