{"1": 0.6793319261716276, "2": 0.0, "3": 0.11004588314904008, "4": 0.19984684277539166, "5": 0.15473343757365543, "6": 0.0, "7": 0.04210679386305298, "8": 0.0, "9": 0.22009176629808017, "10": 0.16078413422405044, "11": 0.22732300053290727, "12": 0.0, "13": 0.2814853444092611, "14": 0.44173955623824723, "15": 0.0, "16": 0.3395599347648544, "17": 0.14074267220463055, "18": 0.0, "19": 0.1635413866202963, "20": 0.13743816645714543, "21": 0.4537425745411855, "22": 0.22009176629808017, "23": 0.22009176629808017, "24": 0.0, "25": 0.22009176629808017, "26": 0.1434248447073515, "27": 0.0, "28": 0.22795787321282804, "29": 0.17016625168374988, "30": 0.0, "31": 0.06362078819895171, "32": 0.0, "33": 0.2489083270225946, "34": 0.0, "35": 0.2984900352767555, "36": 0.06943122193677727, "37": 0.0, "38": 0.0, "39": 0.3215682684481009, "40": 0.14074267220463055, "41": 0.0, "42": 0.0, "43": 0.1719342760000688, "44": 0.08898358573137956, "45": 0.07716607426375235, "46": 0.0, "47": 0.0, "48": 0.0, "49": 0.0, "50": 0.08671382849411972}