{"1": 0.6793319261716276, "2": 0.13698471029831175, "3": 0.3683756341388872, "4": 0.4597973952800627, "5": 0.17628038654090447, "6": 0.0, "7": 0.2176889663231753, "8": 0.0, "9": 0.0, "10": 0.25951198654832314, "11": 0.21185588657209578, "12": 0.398684348074683, "13": 0.13893229086313383, "14": 0.199306233590118, "15": 0.0, "16": 0.0, "17": 0.0, "18": 0.3144956463523791, "19": 0.0, "20": 0.0979129253499678, "21": 0.22009176629808017, "22": 0.2684550357175426, "23": 0.0, "24": 0.4690000933206748, "25": 0.13886244387355454, "26": 0.0, "27": 0.0, "28": 0.5412771732393173, "29": 0.3283995684774713, "30": 0.2176889663231753, "31": 0.640031137071901, "32": 0.033127111727194514, "33": 0.199306233590118, "34": 0.4994612941933248, "35": 0.19518900079066107, "36": 0.13726375204320257, "37": 0.0, "38": 0.4440973278132557, "39": 0.0, "40": 0.0, "41": 0.06368570437114801, "42": 0.04875383067250014, "43": 0.0, "44": 0.0, "45": 0.0, "46": 0.0, "47": 0.0, "48": 0.37189216997824726, "49": 0.0, "50": 0.0}