{"1": 0.0, "2": 0.2735872697693364, "3": 0.14279514403613733, "4": 0.24445218882151876, "5": 0.06843104186474427, "6": 0.0, "7": 0.2176889663231753, "8": 0.0, "9": 0.17993148201117176, "10": 0.34534221336596976, "11": 0.6078018157297063, "12": 0.18164264204274505, "13": 0.14718132681236593, "14": 0.199306233590118, "15": 0.12103687542667209, "16": 0.127450891845372, "17": 0.08676713574902505, "18": 0.15514952592378176, "19": 0.3589542101716347, "20": 0.0979129253499678, "21": 0.13961814555374907, "22": 0.41388361500911724, "23": 0.0, "24": 0.4985723557253838, "25": 0.5174612499126158, "26": 0.07171242235367575, "27": 0.2669507571941387, "28": 0.7988771108550372, "29": 0.42222801661389164, "30": 0.11496943328345773, "31": 0.3862708881610037, "32": 0.1735780548419432, "33": 0.34979801267862626, "34": 0.4942387815963402, "35": 0.22009176629808017, "36": 0.03181039409947586, "37": 0.0, "38": 0.0, "39": 0.0, "40": 0.08676713574902505, "41": 0.0, "42": 0.0, "43": 0.0, "44": 0.0, "45": 0.10691778193885872, "46": 0.0, "47": 0.034019538049805745, "48": 0.29420263302058774, "49": 0.0, "50": 0.0}