{"1": 0.22635714467602042, "2": 0.1736666713479918, "3": 0.2984900352767555, "4": 0.36157744344376747, "5": 0.3097585740125244, "6": 0.0, "7": 0.14169830436783482, "8": 0.0, "9": 0.17993148201117176, "10": 0.1696903990549886, "11": 0.22111755080320236, "12": 0.0, "13": 0.19087622357670841, "14": 0.40875365441572903, "15": 0.2542790697282268, "16": 0.042367766003497065, "17": 0.32385311041275816, "18": 0.31041250317378816, "19": 0.3570764765963919, "20": 0.0, "21": 0.11004588314904008, "22": 0.2863459897524692, "23": 0.07839826897867533, "24": 0.6172839611614819, "25": 0.2863459897524692, "26": 0.23204481297227886, "27": 0.7344207299776687, "28": 0.32371883080365504, "29": 0.08879873949105598, "30": 0.1091200415486984, "31": 0.22831611251785558, "32": 0.2417986283776236, "33": 0.47338717040861195, "34": 0.5673364924880151, "35": 0.15547371525252404, "36": 0.16131436943741526, "37": 0.7593271585631778, "38": 0.4690000933206748, "39": 0.4372423878879741, "40": 0.7235607737921946, "41": 0.27276179929140526, "42": 0.2084194701906065, "43": 0.24293507976653914, "44": 0.0991802140652099, "45": 0.4353779326463506, "46": 0.597977029460981, "47": 0.09105607183709613, "48": 0.0, "49": 0.1803895185407797, "50": 0.17833927279888334}