{"1": 0.5250997669184635, "2": 0.07336392209936005, "3": 0.5907272848394973, "4": 0.3183414933871697, "5": 0.5176348621633917, "6": 0.0, "7": 0.2176889663231753, "8": 0.0, "9": 0.06943122193677727, "10": 0.33152781538403103, "11": 0.38697596379171745, "12": 0.22750592170591827, "13": 0.27836761112962455, "14": 0.7867657957953169, "15": 0.1767670570896869, "16": 0.0, "17": 0.32385311041275816, "18": 0.484639723517314, "19": 0.22009176629808017, "20": 0.0979129253499678, "21": 0.18340980524840012, "22": 0.2934556883974402, "23": 0.07839826897867533, "24": 0.693761356516045, "25": 0.5009732673492616, "26": 0.2773763746825571, "27": 0.6838227445268776, "28": 0.644476146404904, "29": 0.2814853444092611, "30": 0.08228688650337701, "31": 0.4081667180083292, "32": 0.2417986283776236, "33": 0.7183627972686238, "34": 0.800693766409882, "35": 0.31815638385194506, "36": 0.22569577954755046, "37": 0.6193594314874133, "38": 0.7591402384099978, "39": 0.3155314609162878, "40": 0.4115489632593662, "41": 0.3459877610139582, "42": 0.47936581574582704, "43": 0.4094070316548633, "44": 0.25434530223232255, "45": 0.45206146069817754, "46": 0.44047294989556407, "47": 0.11768826558093261, "48": 0.0, "49": 0.060129839513593235, "50": 0.4483039899025303}