{"1": 0.37699346520566046, "2": 0.07336392209936005, "3": 0.49828993591603105, "4": 0.4513242617222624, "5": 0.08097408658478232, "6": 0.0, "7": 0.2176889663231753, "8": 0.0, "9": 0.20286789743729947, "10": 0.2981684512106381, "11": 0.3754471902748674, "12": 0.285436055959774, "13": 0.4903124638521024, "14": 0.706013133306095, "15": 0.23297602798718847, "16": 0.0, "17": 0.14074267220463055, "18": 0.5219765193750934, "19": 0.4892835987503298, "20": 0.5399294342072939, "21": 0.3499667779514209, "22": 0.533376583199821, "23": 0.0, "24": 0.3594085870969891, "25": 0.11004588314904008, "26": 0.0, "27": 0.4468052400109469, "28": 0.7289467631617061, "29": 0.46914224068210186, "30": 0.3336884464926734, "31": 0.5628985344888435, "32": 0.1735780548419432, "33": 0.3093521167391581, "34": 0.5517854393872873, "35": 0.5446757407423163, "36": 0.03181039409947586, "37": 0.0, "38": 0.4690000933206748, "39": 0.0, "40": 0.15917007559337126, "41": 0.12737140874229602, "42": 0.0, "43": 0.0, "44": 0.0, "45": 0.0, "46": 0.0, "47": 0.08384281207641174, "48": 0.42879872721815127, "49": 0.13956838328637605, "50": 0.0}