{"1": 0.6793319261716276, "2": 0.1584091525685025, "3": 0.6300426811446146, "4": 0.44379436285886026, "5": 0.40562381518026114, "6": 0.0, "7": 0.33054166642096877, "8": 0.0, "9": 0.0, "10": 0.3030497998295793, "11": 0.37400817078479554, "12": 0.398684348074683, "13": 0.13571296355926615, "14": 0.6802551169068608, "15": 0.12317948369684056, "16": 0.0, "17": 0.12122913927828419, "18": 0.2669507571941387, "19": 0.0, "20": 0.27487633291429087, "21": 0.38363315291837646, "22": 0.2489083270225946, "23": 0.23944085680261515, "24": 0.4690000933206748, "25": 0.13886244387355454, "26": 0.0, "27": 0.6639430895599008, "28": 0.3772382610717728, "29": 0.4359283621848235, "30": 0.27374790188262277, "31": 0.478533428668266, "32": 0.20838228231638042, "33": 0.2874476364692017, "34": 0.6745711375739728, "35": 0.19388538544807457, "36": 0.0, "37": 0.2095812452994994, "38": 0.6601568447371325, "39": 0.1382291268319618, "40": 0.2872074368396065, "41": 0.20607221001304543, "42": 0.3239134396887189, "43": 0.16195671984435944, "44": 0.28442665562171, "45": 0.332658399606633, "46": 0.33325075278164273, "47": 0.0, "48": 0.4445272318045709, "49": 0.0, "50": 0.2538285450428511}