{"1": 0.5250997669184635, "2": 0.13305201013572898, "3": 0.46664232174566633, "4": 0.367754631973818, "5": 0.2673266576065035, "6": 0.0, "7": 0.200213067895604, "8": 0.0, "9": 0.0, "10": 0.24445218882151876, "11": 0.11366150026645364, "12": 0.22750592170591827, "13": 0.2569421028375503, "14": 0.710496656827044, "15": 0.11298087547243416, "16": 0.0, "17": 0.2814853444092611, "18": 0.49286264928807944, "19": 0.13886244387355454, "20": 0.11838279295536291, "21": 0.18625662605832993, "22": 0.28952298823485745, "23": 0.08514311764162098, "24": 0.684383072597662, "25": 0.4631896595828492, "26": 0.17887677402521093, "27": 0.6454371442462892, "28": 0.6022776974702057, "29": 0.2814853444092611, "30": 0.09203668202393016, "31": 0.4770832296357739, "32": 0.0, "33": 0.727329844310522, "34": 0.6442227883107535, "35": 0.22009176629808017, "36": 0.30186245960822833, "37": 0.08667119424551133, "38": 0.7065836017263629, "39": 0.09119795346087049, "40": 0.0, "41": 0.5171342811310427, "42": 0.27411758934071206, "43": 0.09750766134500027, "44": 0.1358489126330755, "45": 0.2669507571941387, "46": 0.26582000527739175, "47": 0.0, "48": 0.0521442648465579, "49": 0.11443249549775181, "50": 0.0}