{"1": 0.434267947196068, "2": 0.5077181160122074, "3": 0.3882251478215036, "4": 0.4597973952800627, "5": 0.4318751593934957, "6": 0.13032376591037062, "7": 0.3417756342109776, "8": 0.0, "9": 0.2920401616745151, "10": 0.2422681971645567, "11": 0.5496246192654698, "12": 0.47255940198045504, "13": 0.6210704041349822, "14": 0.7169370779565408, "15": 0.2920513263948889, "16": 0.19834610117577708, "17": 0.20135724184377266, "18": 0.5021156219448852, "19": 0.5716349530699038, "20": 0.510227424721404, "21": 0.4569970750177365, "22": 0.568003577662161, "23": 0.15176219107803537, "24": 0.4288398090337664, "25": 0.13886244387355454, "26": 0.0, "27": 0.653066898969526, "28": 0.771607684120318, "29": 0.5092163747634509, "30": 0.5670308939816352, "31": 0.5504471517351339, "32": 0.1735780548419432, "33": 0.5077181160122074, "34": 0.7125523635307982, "35": 0.5423640154200349, "36": 0.0, "37": 0.061745804610973176, "38": 0.6640800924269715, "39": 0.11375296085295913, "40": 0.507299053259562, "41": 0.1881430150968313, "42": 0.22749013678522056, "43": 0.10218331334064328, "44": 0.2751736829649042, "45": 0.33025464306722735, "46": 0.35755508251879725, "47": 0.16321630149948066, "48": 0.4486534352741592, "49": 0.0, "50": 0.3356307577263269}